{
    "loss": 1.824959397315979,
    "accuracy": 0.8345323801040649
}