{
    "loss": 1.1581014394760132,
    "accuracy": 0.8776978254318237
}