{
    "loss": 6.070008754730225,
    "accuracy": 0.5467625856399536
}